{"lr": 0.00997794446709763, "data_time": 0.0051648616790771484, "loss": 0.10136116808280349, "decode.loss_ce": 0.07124620219692587, "decode.acc_seg": 98.7212142944336, "aux.loss_ce": 0.03011496290564537, "aux.acc_seg": 98.7212142944336, "time": 0.1616740942001343, "step": 100}
{"lr": 0.009955660594668054, "data_time": 0.005663275718688965, "loss": 0.04918503714725375, "decode.loss_ce": 0.03434739890508354, "decode.acc_seg": 99.96829986572266, "aux.loss_ce": 0.01483763789292425, "aux.acc_seg": 99.96829986572266, "time": 0.16357018947601318, "step": 200}
{"lr": 0.009933371122565919, "data_time": 0.005269145965576172, "loss": 0.05079643949866295, "decode.loss_ce": 0.03559559592977166, "decode.acc_seg": 99.13648223876953, "aux.loss_ce": 0.015200843685306609, "aux.acc_seg": 99.83856964111328, "time": 0.16196608543395996, "step": 300}
{"lr": 0.009911076035273796, "data_time": 0.0053198814392089845, "loss": 0.04125392623245716, "decode.loss_ce": 0.028795802826061846, "decode.acc_seg": 92.9595947265625, "aux.loss_ce": 0.01245812363922596, "aux.acc_seg": 92.50883483886719, "time": 0.16229920387268065, "step": 400}
{"aAcc": 99.1, "mIoU": 76.86, "mAcc": 78.37, "step": 400}
{"lr": 0.0098887753171919, "data_time": 0.005511331558227539, "loss": 0.03755410136654973, "decode.loss_ce": 0.02570119290612638, "decode.acc_seg": 100.0, "aux.loss_ce": 0.011852908064611256, "aux.acc_seg": 100.0, "time": 0.16275947093963622, "step": 500}
{"lr": 0.009866468952637547, "data_time": 0.005332803726196289, "loss": 0.017988600954413413, "decode.loss_ce": 0.011145944986492396, "decode.acc_seg": 99.95753479003906, "aux.loss_ce": 0.0068426562240347264, "aux.acc_seg": 99.98448181152344, "time": 0.16369826793670655, "step": 600}
{"lr": 0.009844156925844432, "data_time": 0.005230331420898437, "loss": 0.02088316613808274, "decode.loss_ce": 0.013137310929596423, "decode.acc_seg": 99.345458984375, "aux.loss_ce": 0.007745855487883091, "aux.acc_seg": 97.70095825195312, "time": 0.16431009769439697, "step": 700}
{"lr": 0.009821839220962003, "data_time": 0.005108833312988281, "loss": 0.025305607821792364, "decode.loss_ce": 0.01742967334575951, "decode.acc_seg": 99.9739990234375, "aux.loss_ce": 0.007875934417825192, "aux.acc_seg": 99.9739990234375, "time": 0.16438822746276854, "step": 800}
{"aAcc": 99.32, "mIoU": 83.73, "mAcc": 87.99, "step": 800}
